id,userName,name,followers,following,tweets,verified,createdAt,location,url
1380565059672272896,Cucaitrang7,Cucaitrang 🦋🧸,119,206,2438,false,2021-04-09T16:55:44.000000Z,Việt Nam,https://x.com/Cucaitrang7
1998400901955108864,mix42159,ᵖˡˢ Mix&match,1167,2524,63027,false,2025-12-09T14:35:06.000000Z,,https://x.com/mix42159
792219352250540032,ppntam,ᵖˡˢTP,271,518,13553,false,2016-10-29T04:19:47.000000Z,United States,https://x.com/ppntam
1981386540443193344,xuananm7275,ᵖˡˢ Endless Love-Anx,334,433,5938,false,2025-10-23T15:49:16.000000Z,,https://x.com/xuananm7275
1866748395098157056,nugu0309,Hehehe,276,315,1600,false,2024-12-11T07:34:46.000000Z,,https://x.com/nugu0309
748823623,Bemyae2511,ᵖˡˢ Sunflowerrrrr,362,556,32979,false,2012-08-10T07:08:09.000000Z,,https://x.com/Bemyae2511
2044271822657433600,lnmjios,ᵖˡˢ gfofkjs,48,113,1105,false,2026-04-15T04:29:28.000000Z,in sooyaaa🩷,https://x.com/lnmjios
1828452308646260736,jessicajung0114,Jessica Jung,39,109,4159,false,2024-08-27T15:19:51.000000Z,,https://x.com/jessicajung0114
1887489608461787140,iyz_yuil,sugarmeo_iyz.yuil,82,164,2996,false,2025-02-06T13:13:02.000000Z,,https://x.com/iyz_yuil
1804052032950804480,MSyn_142224,ᵖˡˢ synmiu,30,74,7335,false,2024-06-21T07:21:55.000000Z,,https://x.com/MSyn_142224
2469725737,ht_216,ᵖˡˢ HT HT,182,289,2902,false,2014-04-29T18:36:48.000000Z,,https://x.com/ht_216
1428362519542865925,Ahnnmon,Ahn Mon:),485,463,24474,false,2021-08-19T14:25:52.000000Z,,https://x.com/Ahnnmon
2042155723820560386,alohalucy_2511,Rose are rosie,34,82,9801,false,2026-04-09T08:22:36.000000Z,,https://x.com/alohalucy_2511
1989568662186201091,puppypupupy,ᵖˡˢunlimited,79,46,23723,false,2025-11-15T05:38:49.000000Z,,https://x.com/puppypupupy
1435466956014952448,bpuuu0,Uuu,104,217,1458,false,2021-09-08T04:56:18.000000Z,,https://x.com/bpuuu0
3236545380,jwanie_23,ᵖˡˢjwanie.23,84,1074,1647,false,2015-06-05T03:44:12.000000Z,,https://x.com/jwanie_23
1433716474598678532,hhaa010200,hah,273,622,19280,false,2021-09-03T09:00:28.000000Z,,https://x.com/hhaa010200
1527370522384035840,mathikieudiem,ᵖˡˢ Mã Thị Kiều Diểm,276,585,12421,false,2022-05-19T19:28:24.000000Z,,https://x.com/mathikieudiem
1786666815504183296,ng_hhan15,ahg,126,150,6701,false,2024-05-04T07:59:12.000000Z,,https://x.com/ng_hhan15
1458837065341161472,nottinghill2511,Notting Hill 🦋🧸,825,911,3062,false,2021-11-11T16:40:50.000000Z,,https://x.com/nottinghill2511
2235257444,Xuan702,From X to X,130,404,21030,false,2013-12-08T00:48:30.000000Z,Vietnam,https://x.com/Xuan702
1951246679438712832,lily22192,Lily022,797,538,26023,false,2025-08-01T11:40:52.000000Z,,https://x.com/lily22192
1996202098313334784,Coleyyyy100,ᵖˡˢKeepit100%,485,1005,23351,false,2025-12-03T12:57:45.000000Z,,https://x.com/Coleyyyy100
701659161554083841,raumeocuamiu,ᵖˡˢ Râu Mều của MiuNatsha 🐮🔫,167,371,1236,false,2016-02-22T06:45:55.000000Z, ,https://x.com/raumeocuamiu
2095477537438683139,GyASchuett,ᵖˡˢ GyA Schuett,112,101,1001,false,2026-09-03T11:43:32.000000Z,,https://x.com/GyASchuett
4733334496,Bangefect,Irene,109,213,12488,false,2016-01-07T09:35:38.000000Z,,https://x.com/Bangefect
1383251743,tuitidicuerola,ᵖˡˢn00bie,135,203,6894,false,2013-04-27T01:08:59.000000Z,Serra - Espirito Santo,https://x.com/tuitidicuerola
1282869201472872448,kewthooman,ᵖˡˢ kewthooman,261,350,47994,false,2020-07-14T02:47:48.000000Z,,https://x.com/kewthooman
1682316706428096512,Tnguyn854689280,TiniNg - LenaMiu,35,135,184,false,2023-07-21T09:09:06.000000Z,,https://x.com/Tnguyn854689280
1110438519434969089,shao_she,ᵖˡˢTouch some grass,78,415,19197,false,2019-03-26T07:09:08.000000Z,Hospital 🏥,https://x.com/shao_she
1858853218769661954,gimme_wlw,ᵖˡˢ aur,145,264,14225,false,2024-11-19T12:42:54.000000Z,mostly at work,https://x.com/gimme_wlw
1437276633497423880,Haun1407,Haun,783,1185,28603,false,2021-09-13T04:47:29.000000Z,,https://x.com/Haun1407
1805850675705954304,PhanTuyetTram,Phan Tuyết Trâm,342,346,5074,false,2024-06-26T06:29:00.000000Z,,https://x.com/PhanTuyetTram
2000257303912787968,PlsRockyx,ᵖˡˢRocky,44,64,18463,false,2025-12-14T17:31:32.000000Z,พระราม 4 ,https://x.com/PlsRockyx
2029808543583588355,pu1728163222717,ᵖˡˢ L&M 🥰,110,180,30391,false,2026-03-06T06:37:31.000000Z,,https://x.com/pu1728163222717
1399407444485279750,SeenGLVn,ln.pn1012,132,377,9311,false,2021-05-31T16:48:39.000000Z,Việt Nam,https://x.com/SeenGLVn
1814079709980114944,Carlota918428_,Carlota,764,3608,77823,false,2024-07-18T23:28:14.000000Z,"Comunidad de Madrid, España",https://x.com/Carlota918428_
1143353408419590144,beganeeeee,🐣🐣🐣,1069,963,126189,false,2019-06-25T03:01:09.000000Z,,https://x.com/beganeeeee
1999533928882012161,MinhMinh211214,992k1,349,1108,6521,false,2025-12-12T17:37:30.000000Z,,https://x.com/MinhMinh211214
910278416,yupi_chen,yupi,188,945,83356,false,2012-10-28T13:14:24.000000Z,,https://x.com/yupi_chen
865144836680187904,straight_lezz,ᵖˡˢLNM❤️,345,491,10134,false,2017-05-18T09:59:37.000000Z,🇿🇦,https://x.com/straight_lezz
1674671361329975296,SimmonsDeonna,ᵖˡˢDS🦄 🧸🦋🐼,1117,1229,109094,false,2023-06-30T06:49:33.000000Z,,https://x.com/SimmonsDeonna
1331842811277176832,DdooxToons,ddoox_toons,160,320,5894,false,2020-11-26T06:11:08.000000Z,,https://x.com/DdooxToons
1110250442582159360,lenamiupfk,ᵖˡˢ รɳσωเεεεε 🍂,230,301,128843,false,2019-03-25T18:41:47.000000Z,Serenity,https://x.com/lenamiupfk
2050910828589948929,JoieDeVivre805,ᵖˡˢ Joie De Vivre 🦋🧸,24,266,31535,false,2026-05-03T12:11:39.000000Z,,https://x.com/JoieDeVivre805
1255161430262702080,kriisle22,ᵖˡˢ 𝗞𝗿𝗶𝗶𝘀𝗹𝗲 𓆞𓆟,157,237,1582,false,2020-04-28T15:46:36.000000Z,,https://x.com/kriisle22
1621402781700751361,CookieeeJ,ᵖˡˢ Natsha H,215,474,5026,false,2023-02-03T06:59:04.000000Z,,https://x.com/CookieeeJ
1869377810394906624,xudzuimo,ICEM,101,162,3350,false,2024-12-18T13:43:18.000000Z,,https://x.com/xudzuimo
1663248242317074433,daisy_2511,Daisy,1434,2736,9693,false,2023-05-29T18:17:53.000000Z,,https://x.com/daisy_2511
1647981452854951936,minninn222,matcha_latte,57,31,2372,false,2023-04-17T15:13:08.000000Z,"Hồ Chí Minh, Việt Nam",https://x.com/minninn222
1256199178209775617,dangtthuynhi,ᵖˡˢ Celia🦋🧸,205,423,7143,false,2020-05-01T12:30:06.000000Z,,https://x.com/dangtthuynhi
1575029003378823169,LinhLe00589721,ᵖˡˢ Linh lê,29,431,12372,false,2022-09-28T07:46:11.000000Z,,https://x.com/LinhLe00589721
1987470590379499520,loveyouharibo,ᵖˡˢloveyouharibo,71,112,17637,false,2025-11-09T10:42:53.000000Z,,https://x.com/loveyouharibo
1880579904104009728,DDdienKH,D2 ☕️🦦,134,192,3142,false,2025-01-18T11:37:06.000000Z,Việt Nam,https://x.com/DDdienKH