id,text,author,name,followers,createdAt,likes,retweets,replies,views,lang,url
2103809844591591449,@SunsetLM @LenaMiu_CH3 @xudzuimo @lena__lorena @miunatshaa luôn support 18 LENAMIU PLS LOVE EP3 #PlsLoveรักได้ไหมEP3,PhanTuyetTram,Phan Tuyết Trâm,342,Sat Sep 26 11:32:08 +0000 2026,0,0,0,20,en,https://x.com/PhanTuyetTram/status/2103809844591591449
2103809710642409542,@SunsetLM @LenaMiu_CH3 @xudzuimo @lena__lorena @miunatshaa Thương LenaMiu nhiều lắm LENAMIU PLS LOVE EP3 #PlsLoveรักได้ไหมEP3,PhanTuyetTram,Phan Tuyết Trâm,342,Sat Sep 26 11:31:36 +0000 2026,0,0,0,19,vi,https://x.com/PhanTuyetTram/status/2103809710642409542
2103809400108626015,@SunsetLM @LenaMiu_CH3 @xudzuimo @lena__lorena @miunatshaa LenaMiu 918 LENAMIU PLS LOVE EP3 #PlsLoveรักได้ไหมEP3,PhanTuyetTram,Phan Tuyết Trâm,342,Sat Sep 26 11:30:22 +0000 2026,0,0,0,19,en,https://x.com/PhanTuyetTram/status/2103809400108626015
2103809308840669448,@SunsetLM @LenaMiu_CH3 @xudzuimo @lena__lorena @miunatshaa Pls Love 520 LENAMIU PLS LOVE EP3 #PlsLoveรักได้ไหมEP3,PhanTuyetTram,Phan Tuyết Trâm,342,Sat Sep 26 11:30:00 +0000 2026,0,0,0,17,en,https://x.com/PhanTuyetTram/status/2103809308840669448
2103809176191500680,@SunsetLM @LenaMiu_CH3 @xudzuimo @lena__lorena @miunatshaa lên trend nè 710 LENAMIU PLS LOVE EP3 #PlsLoveรักได้ไหมEP3,PhanTuyetTram,Phan Tuyết Trâm,342,Sat Sep 26 11:29:29 +0000 2026,0,0,0,22,vi,https://x.com/PhanTuyetTram/status/2103809176191500680
2103809100979339572,@SunsetLM @LenaMiu_CH3 @xudzuimo @lena__lorena @miunatshaa Up up 2134 LENAMIU PLS LOVE EP3 #PlsLoveรักได้ไหมEP3,PhanTuyetTram,Phan Tuyết Trâm,342,Sat Sep 26 11:29:11 +0000 2026,0,0,0,15,en,https://x.com/PhanTuyetTram/status/2103809100979339572
2103749551056454063,@SunsetLM @LenaMiu_CH3 @xudzuimo @lena__lorena @miunatshaa Ngủ dậy rồiunbb 139 LENAMIU PLS LOVE EP3 #PlsLoveรักได้ไหมEP3,raumeocuamiu,ᵖˡˢ Râu Mều của MiuNatsha 🐮🔫,167,Sat Sep 26 07:32:33 +0000 2026,0,0,0,25,vi,https://x.com/raumeocuamiu/status/2103749551056454063
2103749031956750822,@SunsetLM @LenaMiu_CH3 @xudzuimo @lena__lorena @miunatshaa Ước gì ngày nào cũm là thứ 6 😭😭 1205 LENAMIU PLS LOVE EP3 #PlsLoveรักได้ไหมEP3,serein_sri,serein,48,Sat Sep 26 07:30:29 +0000 2026,0,0,0,20,vi,https://x.com/serein_sri/status/2103749031956750822
2103743657191104541,@SunsetLM @LenaMiu_CH3 @xudzuimo @lena__lorena @miunatshaa Tôi lại đến điểm danh 140 LENAMIU PLS LOVE EP3 #PlsLoveรักได้ไหมEP3,Ahnnmon,Ahn Mon:),485,Sat Sep 26 07:09:08 +0000 2026,0,0,0,17,vi,https://x.com/Ahnnmon/status/2103743657191104541
2103712136589684847,@SunsetLM @LenaMiu_CH3 @xudzuimo @lena__lorena @miunatshaa Chọc choá coá gid zui? chọc choá zui thí mồ 98 LENAMIU PLS LOVE EP3 #PlsLoveรักได้ไหมEP3,raumeocuamiu,ᵖˡˢ Râu Mều của MiuNatsha 🐮🔫,167,Sat Sep 26 05:03:53 +0000 2026,0,0,0,31,vi,https://x.com/raumeocuamiu/status/2103712136589684847
2103708824557506959,"@SunsetLM @LenaMiu_CH3 @xudzuimo @lena__lorena @miunatshaa Con số gì ra,cờ ra con mấy 622 LENAMIU PLS LOVE EP3 #PlsLoveรักได้ไหมEP3",Ahnnmon,Ahn Mon:),485,Sat Sep 26 04:50:43 +0000 2026,0,0,0,21,vi,https://x.com/Ahnnmon/status/2103708824557506959
2103706707780342121,@SunsetLM @LenaMiu_CH3 @xudzuimo @lena__lorena @miunatshaa Xanh lè xanh lè 828 LENAMIU PLS LOVE EP3 #PlsLoveรักได้ไหมEP3,raumeocuamiu,ᵖˡˢ Râu Mều của MiuNatsha 🐮🔫,167,Sat Sep 26 04:42:18 +0000 2026,0,0,0,21,ht,https://x.com/raumeocuamiu/status/2103706707780342121
2103696925782618126,@SunsetLM @LenaMiu_CH3 @xudzuimo @lena__lorena @miunatshaa Mấy bà xem lại ep3 bao nhiêu lần r 909 LENAMIU PLS LOVE EP3 #PlsLoveรักได้ไหมEP3,Ahnnmon,Ahn Mon:),485,Sat Sep 26 04:03:26 +0000 2026,0,0,0,17,vi,https://x.com/Ahnnmon/status/2103696925782618126
2103683798580023700,@SunsetLM @LenaMiu_CH3 @xudzuimo @lena__lorena @miunatshaa Ựa tui quêng hêhhehhe 726 LENAMIU PLS LOVE EP3 #PlsLoveรักได้ไหมEP3,Cucaitrang7,Cucaitrang 🦋🧸,119,Sat Sep 26 03:11:16 +0000 2026,1,0,0,24,vi,https://x.com/Cucaitrang7/status/2103683798580023700
2103683215211077757,@Cucaitrang7 @LenaMiu_CH3 @xudzuimo @lena__lorena @miunatshaa Nhớ ghi thêm số con số bất kì ở cmt nha mom ơi 727 LENAMIU PLS LOVE EP3 #PlsLoveรักได้ไหมEP3,SunsetLM,Sunset🦋🧸,439,Sat Sep 26 03:08:57 +0000 2026,0,0,0,21,vi,https://x.com/SunsetLM/status/2103683215211077757
2103680905378484561,"@SunsetLM @LenaMiu_CH3 @xudzuimo @lena__lorena @miunatshaa đã xem lại 2 lần, phim đỉnh quớ 🥹 LENAMIU PLS LOVE EP3 #PlsLoveรักได้ไหมEP3",Cucaitrang7,Cucaitrang 🦋🧸,119,Sat Sep 26 02:59:47 +0000 2026,0,0,1,18,vi,https://x.com/Cucaitrang7/status/2103680905378484561
2103677438526124241,@SunsetLM @LenaMiu_CH3 @xudzuimo @lena__lorena @miunatshaa Kao đi tấu hề chứ văn chương thua rồi 288 LENAMIU PLS LOVE EP3 #PlsLoveรักได้ไหมEP3,raumeocuamiu,ᵖˡˢ Râu Mều của MiuNatsha 🐮🔫,167,Sat Sep 26 02:46:00 +0000 2026,0,0,0,32,vi,https://x.com/raumeocuamiu/status/2103677438526124241
2103676447143735431,"@SunsetLM @LenaMiu_CH3 @xudzuimo @lena__lorena @miunatshaa Vẫn còn màu xanh,chưa đỏ chưa cam 941 LENAMIU PLS LOVE EP3 #PlsLoveรักได้ไหมEP3",Ahnnmon,Ahn Mon:),485,Sat Sep 26 02:42:04 +0000 2026,0,0,0,13,vi,https://x.com/Ahnnmon/status/2103676447143735431
2103672800888377610,Bánh mì 449 LENAMIU PLS LOVE EP3 #PlsLoveรักได้ไหมEP3,SunsetLM,Sunset🦋🧸,439,Sat Sep 26 02:27:34 +0000 2026,0,0,0,24,vi,https://x.com/SunsetLM/status/2103672800888377610
2103672761982074978,Dậy dậy trend nha 433 LENAMIU PLS LOVE EP3 #PlsLoveรักได้ไหมEP3,SunsetLM,Sunset🦋🧸,439,Sat Sep 26 02:27:25 +0000 2026,0,0,0,18,vi,https://x.com/SunsetLM/status/2103672761982074978
2103671031303168311,@SunsetLM @LenaMiu_CH3 @xudzuimo @lena__lorena @miunatshaa Dức quà tiếp thôi 877 LENAMIU PLS LOVE EP3 #PlsLoveรักได้ไหมEP3,raumeocuamiu,ᵖˡˢ Râu Mều của MiuNatsha 🐮🔫,167,Sat Sep 26 02:20:32 +0000 2026,0,0,0,21,vi,https://x.com/raumeocuamiu/status/2103671031303168311
2103549339222397095,@SunsetLM @LenaMiu_CH3 @xudzuimo @lena__lorena @miunatshaa Pan xinh đẹp mê Peem nhất trên đời 278 LENAMIU PLS LOVE EP3 #PIsLoveรักได้ไหมEP3,raumeocuamiu,ᵖˡˢ Râu Mều của MiuNatsha 🐮🔫,167,Fri Sep 25 18:16:59 +0000 2026,0,0,0,18,vi,https://x.com/raumeocuamiu/status/2103549339222397095
2103542941969174934,@SunsetLM @LenaMiu_CH3 @xudzuimo @lena__lorena @miunatshaa Ko sợ đỏ cam chỉ sợ bay acc 627 LENAMIU PLS LOVE EP3 #PIsLoveรักได้ไหมEP3,raumeocuamiu,ᵖˡˢ Râu Mều của MiuNatsha 🐮🔫,167,Fri Sep 25 17:51:33 +0000 2026,0,0,0,17,vi,https://x.com/raumeocuamiu/status/2103542941969174934
2103524006817329414,@SunsetLM @LenaMiu_CH3 @xudzuimo @lena__lorena @miunatshaa Pan yêu Peemmm nhiều lắm ó 949 LENAMIU PLS LOVE EP3 #PlsLoveรักได้ไหมEP3,raumeocuamiu,ᵖˡˢ Râu Mều của MiuNatsha 🐮🔫,167,Fri Sep 25 16:36:19 +0000 2026,0,0,0,32,vi,https://x.com/raumeocuamiu/status/2103524006817329414
2103523398966276575,Vn top 1 đấy ạ 1967 LENAMIU PLS LOVE EP3 #PlsLoveรักได้ไหมEP3,SunsetLM,Sunset🦋🧸,439,Fri Sep 25 16:33:54 +0000 2026,0,0,0,25,vi,https://x.com/SunsetLM/status/2103523398966276575
2103522993439973824,@SunsetLM @LenaMiu_CH3 @xudzuimo @lena__lorena @miunatshaa Bàn tay vàng trong làng GA là tui chứ ai 38 LENAMIU PLS LOVE EP3 #PlsLoveรักได้ไหมEP3,raumeocuamiu,ᵖˡˢ Râu Mều của MiuNatsha 🐮🔫,167,Fri Sep 25 16:32:17 +0000 2026,0,0,0,28,vi,https://x.com/raumeocuamiu/status/2103522993439973824
2103507750450065596,@SunsetLM @LenaMiu_CH3 @xudzuimo @lena__lorena @miunatshaa Tôi cụg muốn bombalabum 1934 LENAMIU PLS LOVE EP3 #PIsLoveรักได้ไหมEP3,raumeocuamiu,ᵖˡˢ Râu Mều của MiuNatsha 🐮🔫,167,Fri Sep 25 15:31:43 +0000 2026,0,0,0,25,vi,https://x.com/raumeocuamiu/status/2103507750450065596
2103506889552310569,Sẽ vướt KPI nhé 954 LENAMIU PLS LOVE EP3 #PlsLoveรักได้ไหมEP3,SunsetLM,Sunset🦋🧸,439,Fri Sep 25 15:28:18 +0000 2026,0,0,0,44,vi,https://x.com/SunsetLM/status/2103506889552310569
2103502941625933942,"@SunsetLM @iyz_yuil @LenaMiu_CH3 @xudzuimo @lena__lorena @miunatshaa Ep này cả 2 bạn nhỏ đều lên trend chug, chắc phải vượt 500k chứ mng ơiiii 🔥🔥🔥 212 LENAMIU PLS LOVE EP3 #PlsLoveรักได้ไหมEP3",nugu0309,Hehehe,276,Fri Sep 25 15:12:37 +0000 2026,1,0,0,49,vi,https://x.com/nugu0309/status/2103502941625933942
2103499729581576259,@SunsetLM @LenaMiu_CH3 @xudzuimo @lena__lorena @miunatshaa Tui cũng muốn có người nấu bữa sáng cho mình nữa 329 LENAMIU PLS LOVE EP3 #PlsLoveรักได้ไหมEP3,Ahnnmon,Ahn Mon:),485,Fri Sep 25 14:59:51 +0000 2026,0,0,0,49,vi,https://x.com/Ahnnmon/status/2103499729581576259
2103499257550696536,@SunsetLM @LenaMiu_CH3 @xudzuimo @lena__lorena @miunatshaa Đã quá PeemParn ơi 317 LENAMIU PLS LOVE EP3 #PlsLoveรักได้ไหมEP3,Ahnnmon,Ahn Mon:),485,Fri Sep 25 14:57:58 +0000 2026,0,0,0,39,vi,https://x.com/Ahnnmon/status/2103499257550696536
2103499013094015364,@SunsetLM @LenaMiu_CH3 @xudzuimo @lena__lorena @miunatshaa ep3 quá đã ròiiii 593 LENAMIU PLS LOVE EP3 #PlsLoveรักได้ไหมEP3,lnmjios,ᵖˡˢ gfofkjs,48,Fri Sep 25 14:57:00 +0000 2026,0,0,0,59,vi,https://x.com/lnmjios/status/2103499013094015364
2103498287311692104,@SunsetLM @LenaMiu_CH3 @xudzuimo @lena__lorena @miunatshaa LenaMiu mãi đỉnh 1810 LENAMIU PLS LOVE EP3 #PlsLoveรักได้ไหมEP3,Bemyae2511,ᵖˡˢ Sunflowerrrrr,362,Fri Sep 25 14:54:07 +0000 2026,0,0,0,50,vi,https://x.com/Bemyae2511/status/2103498287311692104
2103498200930045997,@SunsetLM @LenaMiu_CH3 @xudzuimo @lena__lorena @miunatshaa Gô gô nào mí bà 2007 LENAMIU PLS LOVE EP3 #PlsLoveรักได้ไหมEP3,Bemyae2511,ᵖˡˢ Sunflowerrrrr,362,Fri Sep 25 14:53:46 +0000 2026,0,0,0,60,vi,https://x.com/Bemyae2511/status/2103498200930045997
2103498134043423145,@SunsetLM @LenaMiu_CH3 @xudzuimo @lena__lorena @miunatshaa Chờ tới 10h nà 508 LENAMIU PLS LOVE EP3 #PlsLoveรักได้ไหมEP3,Bemyae2511,ᵖˡˢ Sunflowerrrrr,362,Fri Sep 25 14:53:30 +0000 2026,0,0,0,76,vi,https://x.com/Bemyae2511/status/2103498134043423145
2103497065632600139,@SunsetLM @LenaMiu_CH3 @xudzuimo @lena__lorena @miunatshaa Chờ phát iqiyi xem tiếp nè 828 LENAMIU PLS LOVE EP3 #PlsLoveรักได้ไหมEP3,nottinghill2511,Notting Hill 🦋🧸,825,Fri Sep 25 14:49:16 +0000 2026,0,0,0,99,vi,https://x.com/nottinghill2511/status/2103497065632600139
2103496537204781102,@SunsetLM @LenaMiu_CH3 @xudzuimo @lena__lorena @miunatshaa LenaMiu đỉnh đỉnh 897 LENAMIU PLS LOVE EP3 #PlsLoveรักได้ไหมEP3,PhanTuyetTram,Phan Tuyết Trâm,342,Fri Sep 25 14:47:10 +0000 2026,1,0,0,81,vi,https://x.com/PhanTuyetTram/status/2103496537204781102
2103496448088424645,@SunsetLM @LenaMiu_CH3 @xudzuimo @lena__lorena @miunatshaa Có nhiêu chơi nhiêu 380 LENAMIU PLS LOVE EP3 #PlsLoveรักได้ไหมEP3,PhanTuyetTram,Phan Tuyết Trâm,342,Fri Sep 25 14:46:48 +0000 2026,0,0,0,107,vi,https://x.com/PhanTuyetTram/status/2103496448088424645
2103496362935640303,@SunsetLM @LenaMiu_CH3 @xudzuimo @lena__lorena @miunatshaa Phim hay lắm nha 208 LENAMIU PLS LOVE EP3 #PlsLoveรักได้ไหมEP3,PhanTuyetTram,Phan Tuyết Trâm,342,Fri Sep 25 14:46:28 +0000 2026,0,0,0,104,vi,https://x.com/PhanTuyetTram/status/2103496362935640303
2103496290399367253,@SunsetLM @LenaMiu_CH3 @xudzuimo @lena__lorena @miunatshaa Mình cũng muốn trúng dầu gội nè 2000 LENAMIU PLS LOVE EP3 #PlsLoveรักได้ไหมEP3,PhanTuyetTram,Phan Tuyết Trâm,342,Fri Sep 25 14:46:11 +0000 2026,0,0,0,67,vi,https://x.com/PhanTuyetTram/status/2103496290399367253
2103495638264745997,Tối nay hơn 200k trend nhé 199 LENAMIU PLS LOVE EP3 #PlsLoveรักได้ไหมEP3,SunsetLM,Sunset🦋🧸,439,Fri Sep 25 14:43:35 +0000 2026,0,0,0,72,vi,https://x.com/SunsetLM/status/2103495638264745997
2103493463333642451,@SunsetLM @LenaMiu_CH3 @xudzuimo @lena__lorena @miunatshaa LenaMiu forever. 2211 LENAMIU PLS LOVE EP3 #PlsLoveรักได้ไหมEP3,jessicajung0114,Jessica Jung,39,Fri Sep 25 14:34:57 +0000 2026,1,0,0,80,en,https://x.com/jessicajung0114/status/2103493463333642451
2103491641541882163,@SunsetLM @LenaMiu_CH3 @xudzuimo @lena__lorena @miunatshaa Tôi vẫn ở đây kiếm dầu gội đầu 2194 LENAMIU PLS LOVE EP3 #PlsLoveรักได้ไหมEP3,raumeocuamiu,ᵖˡˢ Râu Mều của MiuNatsha 🐮🔫,167,Fri Sep 25 14:27:42 +0000 2026,0,0,0,106,vi,https://x.com/raumeocuamiu/status/2103491641541882163
2103489437133050209,@SunsetLM Tới liền tới liền 1683 LENAMIU PLS LOVE EP3 #PlsLoveรักได้ไหมEP3,lenamiupfk,ᵖˡˢ รɳσωเεεεε 🍂,230,Fri Sep 25 14:18:57 +0000 2026,0,0,0,107,vi,https://x.com/lenamiupfk/status/2103489437133050209
2103487295555014763,Đừng ai mắng khun Peem nha 21 LENAMIU PLS LOVE EP3 #PlsLoveรักได้ไหมEP3,SunsetLM,Sunset🦋🧸,439,Fri Sep 25 14:10:26 +0000 2026,0,0,0,89,vi,https://x.com/SunsetLM/status/2103487295555014763
2103487162541076584,@SunsetLM @LenaMiu_CH3 @xudzuimo @lena__lorena @miunatshaa PeemPan aka LenaMiu cố lơnnnn nhá. Hai bạn iu nhau thật lâu ấyy 77 LENAMIU PLS LOVE EP3 #PlsLoveรักได้ไหมEP3,nikolai_mvp,Nikolai,52,Fri Sep 25 14:09:55 +0000 2026,0,0,0,84,vi,https://x.com/nikolai_mvp/status/2103487162541076584
2103486879073230978,Em tới đây 290 LENAMIU PLS LOVE EP3 #PlsLoveรักได้ไหมEP3,SunsetLM,Sunset🦋🧸,439,Fri Sep 25 14:08:47 +0000 2026,0,0,0,139,vi,https://x.com/SunsetLM/status/2103486879073230978
2103486484112367849,@SunsetLM @LenaMiu_CH3 @xudzuimo @lena__lorena @miunatshaa Peem hay Lena dịu dàng với Miu thôi nhé 777 LENAMIU PLS LOVE EP3 #PlsLoveรักได้ไหมEP3,nikolai_mvp,Nikolai,52,Fri Sep 25 14:07:13 +0000 2026,0,0,0,165,vi,https://x.com/nikolai_mvp/status/2103486484112367849
2103480240609845755,@SunsetLM @LenaMiu_CH3 @xudzuimo @lena__lorena @miunatshaa Nay 2 đứa dắt nhau đi để mẹ chặn cha Songsak cho 0114 LENAMIU PLS LOVE EP3 #PlsLoveรักได้ไหมEP3,iyz_yuil,sugarmeo_iyz.yuil,82,Fri Sep 25 13:42:24 +0000 2026,0,1,0,74,vi,https://x.com/iyz_yuil/status/2103480240609845755
2103480133533466720,@SunsetLM @LenaMiu_CH3 @xudzuimo @lena__lorena @miunatshaa Ước gì là con Lumi để Miunatsha bế đi mỗi ngày 772 LENAMIU PLS LOVE EP3 #PlsLoveรักได้ไหมEP3,raumeocuamiu,ᵖˡˢ Râu Mều của MiuNatsha 🐮🔫,167,Fri Sep 25 13:41:59 +0000 2026,0,0,0,63,vi,https://x.com/raumeocuamiu/status/2103480133533466720
2103479945016340532,@SunsetLM @LenaMiu_CH3 @xudzuimo @lena__lorena @miunatshaa Muốn tóc đẹp như LenaMiu hãy sử dụng H&amp;S 992 LENAMIU PLS LOVE EP3 #PlsLoveรักได้ไหมEP3,Ahnnmon,Ahn Mon:),485,Fri Sep 25 13:41:14 +0000 2026,0,0,0,41,vi,https://x.com/Ahnnmon/status/2103479945016340532
2103479548981686592,@SunsetLM @LenaMiu_CH3 @xudzuimo @lena__lorena @miunatshaa Pheem mình làm gì thì củng nhẹ nhàng thôi nha . Tui sót con gái tuiii á 1346 LENAMIU PLS LOVE EP3 #PlsLoveรักได้ไหมEP3,Duya_miii,𝚈𝚘𝚘𝚗𝚑𝚢𝚢𝚢𝟷𝟼𝟼🤎,216,Fri Sep 25 13:39:39 +0000 2026,0,0,0,27,vi,https://x.com/Duya_miii/status/2103479548981686592
2103479347268968758,@SunsetLM @LenaMiu_CH3 @xudzuimo @lena__lorena @miunatshaa husky ngoan thì chị Parn mới cho ăn bánh nghen 1134 LENAMIU PLS LOVE EP3 #PlsLoveรักได้ไหมEP3,ppntam,ᵖˡˢTP,271,Fri Sep 25 13:38:51 +0000 2026,0,0,0,52,vi,https://x.com/ppntam/status/2103479347268968758
2103479258299748725,@SunsetLM @LenaMiu_CH3 @xudzuimo @lena__lorena @miunatshaa Tôi chưa có H&amp;S nha 1493 LENAMIU PLS LOVE EP3 #PlsLoveรักได้ไหมEP3,raumeocuamiu,ᵖˡˢ Râu Mều của MiuNatsha 🐮🔫,167,Fri Sep 25 13:38:30 +0000 2026,1,1,0,47,vi,https://x.com/raumeocuamiu/status/2103479258299748725
2103479225265397774,@SunsetLM @LenaMiu_CH3 @xudzuimo @lena__lorena @miunatshaa Qua hôm nay có thể bay acc 168 LENAMIU PLS LOVE EP3 #PlsLoveรักได้ไหมEP3,Duya_miii,𝚈𝚘𝚘𝚗𝚑𝚢𝚢𝚢𝟷𝟼𝟼🤎,216,Fri Sep 25 13:38:22 +0000 2026,0,0,0,41,vi,https://x.com/Duya_miii/status/2103479225265397774
2103479111968772162,@SunsetLM @LenaMiu_CH3 @xudzuimo @lena__lorena @miunatshaa Pheem chị coi chừng em đó 2204 LENAMIU PLS LOVE EP3 #PlsLoveรักได้ไหมEP3,MSyn_142224,ᵖˡˢ synmiu,30,Fri Sep 25 13:37:55 +0000 2026,0,0,0,42,vi,https://x.com/MSyn_142224/status/2103479111968772162
2103478776038646022,@SunsetLM @LenaMiu_CH3 @xudzuimo @lena__lorena @miunatshaa Pls Love gặp nhiều may mắn nha 112 LENAMIU PLS LOVE EP3 #PlsLoveรักได้ไหมEP3,MinhMinh211214,992k1,349,Fri Sep 25 13:36:35 +0000 2026,0,0,0,45,vi,https://x.com/MinhMinh211214/status/2103478776038646022
2103478752693170462,@SunsetLM @nottinghill2511 @LenaMiu_CH3 @xudzuimo @lena__lorena @miunatshaa mong hôm nay ko bay acc nam mô 🙏 258 LENAMIU PLS LOVE EP3 #PlsLoveรักได้ไหมEP3,beganeeeee,🐣🐣🐣,1069,Fri Sep 25 13:36:30 +0000 2026,0,0,0,42,vi,https://x.com/beganeeeee/status/2103478752693170462
2103478606085374460,@SunsetLM @LenaMiu_CH3 @xudzuimo @lena__lorena @miunatshaa Peem là của Parn 2233 LENAMIU PLS LOVE EP3 #PlsLoveรักได้ไหมEP3,mathikieudiem,ᵖˡˢ Mã Thị Kiều Diểm,276,Fri Sep 25 13:35:55 +0000 2026,0,0,0,43,vi,https://x.com/mathikieudiem/status/2103478606085374460
2103478538670367012,@SunsetLM @nottinghill2511 @LenaMiu_CH3 @xudzuimo @lena__lorena @miunatshaa The way I’ve been waiting all week for this episode 🫶 1589 LENAMIU PLS LOVE EP3 #PlsLoveรักได้ไหมEP3,beganeeeee,🐣🐣🐣,1069,Fri Sep 25 13:35:39 +0000 2026,0,0,0,58,en,https://x.com/beganeeeee/status/2103478538670367012
2103478529770098758,@SunsetLM @LenaMiu_CH3 @xudzuimo @lena__lorena @miunatshaa Parn là của Peem 1122 LENAMIU PLS LOVE EP3 #PlsLoveรักได้ไหมEP3,mathikieudiem,ᵖˡˢ Mã Thị Kiều Diểm,276,Fri Sep 25 13:35:36 +0000 2026,0,0,0,53,vi,https://x.com/mathikieudiem/status/2103478529770098758
2103478112826831200,@SunsetLM @LenaMiu_CH3 @xudzuimo @lena__lorena @miunatshaa Trung thu mn vui vẻ nha 116 LENAMIU PLS LOVE EP3 #PlsLoveรักได้ไหมEP3,ht_216,ᵖˡˢ HT HT,182,Fri Sep 25 13:33:57 +0000 2026,0,0,0,19,vi,https://x.com/ht_216/status/2103478112826831200
2103478022133453123,@SunsetLM @LenaMiu_CH3 @xudzuimo @lena__lorena @miunatshaa Cố lên nhaaaaa 628 LENAMIU PLS LOVE EP3 #PlsLoveรักได้ไหมEP3,raumeocuamiu,ᵖˡˢ Râu Mều của MiuNatsha 🐮🔫,167,Fri Sep 25 13:33:35 +0000 2026,0,0,0,33,vi,https://x.com/raumeocuamiu/status/2103478022133453123
2103477819124990350,@SunsetLM @LenaMiu_CH3 @xudzuimo @lena__lorena @miunatshaa tui sợ bay acc lắm phải trend từ từ 239 LENAMIU PLS LOVE EP3 #PlsLoveรักได้ไหมEP3,raumeocuamiu,ᵖˡˢ Râu Mều của MiuNatsha 🐮🔫,167,Fri Sep 25 13:32:47 +0000 2026,0,0,0,48,vi,https://x.com/raumeocuamiu/status/2103477819124990350
2103476707726643426,@SunsetLM @LenaMiu_CH3 @xudzuimo @lena__lorena @miunatshaa Parn là của Peem khỏi dành 391 LENAMIU PLS LOVE EP3 #PlsLoveรักได้ไหมEP3,Ahnnmon,Ahn Mon:),485,Fri Sep 25 13:28:22 +0000 2026,0,0,0,35,vi,https://x.com/Ahnnmon/status/2103476707726643426
2103475817292656684,@SunsetLM @LenaMiu_CH3 @xudzuimo @lena__lorena @miunatshaa Ước gì ep3 trend lên 600k 👉🏻👈🏻 2511 LENAMIU PLS LOVE EP3 #PlsLoveรักได้ไหมEP3,DdooxToons,ddoox_toons,160,Fri Sep 25 13:24:50 +0000 2026,0,0,0,37,vi,https://x.com/DdooxToons/status/2103475817292656684
2103475612371521934,"@SunsetLM @LenaMiu_CH3 @xudzuimo @lena__lorena @miunatshaa PheêmParn hết phim lấy nhau, LenaMiu cũng y dị cho em ạ 2511 LENAMIU PLS LOVE EP3 #PlsLoveรักได้ไหมEP3",alohalucy_2511,Rose are rosie,34,Fri Sep 25 13:24:01 +0000 2026,0,0,0,30,vi,https://x.com/alohalucy_2511/status/2103475612371521934
2103475528858804351,@SunsetLM @LenaMiu_CH3 @xudzuimo @lena__lorena @miunatshaa Tui đẫ đến được đây rồi sao 536 LENAMIU PLS LOVE EP3 #PlsLoveรักได้ไหมEP3,Ahnnmon,Ahn Mon:),485,Fri Sep 25 13:23:41 +0000 2026,0,0,0,21,vi,https://x.com/Ahnnmon/status/2103475528858804351
2103474933846438062,@SunsetLM @LenaMiu_CH3 @xudzuimo @lena__lorena @miunatshaa Cố gắng lên nào ... 712 LENAMIU PLS LOVE EP3 #PlsLoveรักได้ไหมEP3,xuananm7275,ᵖˡˢ Endless Love-Anx,334,Fri Sep 25 13:21:19 +0000 2026,0,0,0,29,vi,https://x.com/xuananm7275/status/2103474933846438062
2103474913848033347,@SunsetLM @LenaMiu_CH3 @lena__lorena @miunatshaa Giờ không nhận quà đợi khi nào mới nhận nữa 2453 LENAMIU PLS LOVE EP3 #PlsLoveรักได้ไหมEP3,xudzuimo,ICEM,101,Fri Sep 25 13:21:14 +0000 2026,0,1,0,40,vi,https://x.com/xudzuimo/status/2103474913848033347
2103474170843783249,@SunsetLM @LenaMiu_CH3 @xudzuimo @lena__lorena @miunatshaa Hai đứa con gái tối nay đừng chửi nhau nữa nha 1625 LENAMIU PLS LOVE EP3 #PlsLoveรักได้ไหมEP3,puppypupupy,ᵖˡˢunlimited,79,Fri Sep 25 13:18:17 +0000 2026,0,0,0,17,vi,https://x.com/puppypupupy/status/2103474170843783249
2103474162811769272,"@SunsetLM @LenaMiu_CH3 @xudzuimo @lena__lorena @miunatshaa 246 má parn, 357 mẹ peem, cn nhảy qua line bạn gái :&gt; 357 LENAMIU PLS LOVE EP3 #PlsLoveรักได้ไหมEP3",b_ob_nny,ᵖˡˢber 🧸,279,Fri Sep 25 13:18:15 +0000 2026,0,0,0,25,vi,https://x.com/b_ob_nny/status/2103474162811769272
2103473806220357911,@SunsetLM @LenaMiu_CH3 @xudzuimo @lena__lorena @miunatshaa Ở đâu có Quà ở đó có Mèoooo 1838 LENAMIU PLS LOVE EP3 #PlsLoveรักได้ไหมEP3,raumeocuamiu,ᵖˡˢ Râu Mều của MiuNatsha 🐮🔫,167,Fri Sep 25 13:16:50 +0000 2026,0,0,0,22,vi,https://x.com/raumeocuamiu/status/2103473806220357911
2103473568847991078,@SunsetLM @LenaMiu_CH3 @xudzuimo @lena__lorena @miunatshaa Tôi yêu phụ nữ Thái Lan. đặc biệt là LenaMiu=)) 425 LENAMIU PLS LOVE EP3 #PlsLoveรักได้ไหมEP3,hhaa010200,hah,273,Fri Sep 25 13:15:54 +0000 2026,0,0,0,32,vi,https://x.com/hhaa010200/status/2103473568847991078
2103473393958113380,@SunsetLM @LenaMiu_CH3 @xudzuimo @lena__lorena @miunatshaa Nay cùng cố gắng nha cả nhà iuuuu 245 LENAMIU PLS LOVE EP3 #PlsLoveรักได้ไหมEP3,Sunyeon2505,ᵖˡˢ Phở bò 🫶🏻,253,Fri Sep 25 13:15:12 +0000 2026,0,0,0,26,vi,https://x.com/Sunyeon2505/status/2103473393958113380
2103473337125249367,@SunsetLM Có mắng thì mới có hôn nha LENAMIU PLS LOVE EP3 #PlsLoveรักได้ไหมEP3,Ng0c93,555555,64,Fri Sep 25 13:14:58 +0000 2026,0,0,0,9,vi,https://x.com/Ng0c93/status/2103473337125249367
2103473201456275831,@SunsetLM @LenaMiu_CH3 @xudzuimo @lena__lorena @miunatshaa Ôi nhà mình rộn ràng quá 1909 LENAMIU PLS LOVE EP3 #PlsLoveรักได้ไหมEP3,CookieeeJ,ᵖˡˢ Natsha H,215,Fri Sep 25 13:14:26 +0000 2026,0,0,0,18,vi,https://x.com/CookieeeJ/status/2103473201456275831
2103473012213498234,"@SunsetLM @LenaMiu_CH3 @xudzuimo @lena__lorena @miunatshaa Đếm ngược từng phút tới khúc Peem gõ cửa phòng người ta đòi ""cô gái của tôi"" về 2503 LENAMIU PLS LOVE EP3 #PlsLoveรักได้ไหมEP3",Xuan702,From X to X,130,Fri Sep 25 13:13:41 +0000 2026,0,0,0,48,vi,https://x.com/Xuan702/status/2103473012213498234
2103473004814717021,@SunsetLM @LenaMiu_CH3 @xudzuimo @lena__lorena @miunatshaa Lenamiu luôn hạnh phúc nhaaaa 2222 LENAMIU PLS LOVE EP3 #PlsLoveรักได้ไหมEP3,nottinghill2511,Notting Hill 🦋🧸,825,Fri Sep 25 13:13:39 +0000 2026,2,1,0,109,vi,https://x.com/nottinghill2511/status/2103473004814717021
2103472950917873673,@SunsetLM @LenaMiu_CH3 @xudzuimo @lena__lorena @miunatshaa hữu duyên bl chúc Parn mãi đẹp gái 1512 LENAMIU PLS LOVE EP3 #PlsLoveรักได้ไหมEP3,ng_hhan15,ahg,126,Fri Sep 25 13:13:26 +0000 2026,0,0,0,21,vi,https://x.com/ng_hhan15/status/2103472950917873673
2103472875550445855,Khun peem k được mắng Parn nha 777 LENAMIU PLS LOVE EP3 #PlsLoveรักได้ไหมEP3,SunsetLM,Sunset🦋🧸,439,Fri Sep 25 13:13:08 +0000 2026,0,0,1,121,vi,https://x.com/SunsetLM/status/2103472875550445855
2103309277163401250,@luctichchi @LenaMiu_CH3 @xudzuimo @lena__lorena @miunatshaa 😚😚 chắc chắn ạ MIU NATSHA FACE OF SNATCH #MiuXSnatchTH #MiuNatsha #หมิวณัชชา,SunsetLM,Sunset🦋🧸,439,Fri Sep 25 02:23:03 +0000 2026,1,0,0,103,vi,https://x.com/SunsetLM/status/2103309277163401250
2103308858815021441,@SunsetLM @LenaMiu_CH3 @xudzuimo @lena__lorena @miunatshaa Cầu trời cho acc xanh để đi phò trợ cho bé Love được nổi tiếng toàn cầu như mong cầu của LenaMiu MIU NATSHA FACE OF SNATCH #MiuXSnatchTH,luctichchi,Luc Tich Chesse,38,Fri Sep 25 02:21:24 +0000 2026,1,0,1,142,vi,https://x.com/luctichchi/status/2103308858815021441
2103143595557720357,@xudzuimo @SunsetLM @LenaMiu_CH3 @lena__lorena @miunatshaa tui tới từ vùng đất linh thiênggg !!! MIU NATSHA FACE OF SNATCH #MiuXSnatchTH,yellowww___13,yellow1__3 🇻🇳,125,Thu Sep 24 15:24:42 +0000 2026,0,0,0,31,vi,https://x.com/yellowww___13/status/2103143595557720357
2103135728377188370,@nottinghill2511 @lenamiupfk @LenaMiu_CH3 @xudzuimo @lena__lorena @miunatshaa Cái trò GA này mỗi tuần làm 1 lần c ạ 😂 MIU NATSHA FACE OF SNATCH #MiuXSnatchTH,SunsetLM,Sunset🦋🧸,439,Thu Sep 24 14:53:26 +0000 2026,0,0,0,91,vi,https://x.com/SunsetLM/status/2103135728377188370
2103135591567331720,@yellowww___13 @SunsetLM @LenaMiu_CH3 @lena__lorena @miunatshaa Hài quá má ơi MIU NATSHA FACE OF SNATCH #MiuXSnatchTH,xudzuimo,ICEM,101,Thu Sep 24 14:52:54 +0000 2026,1,0,1,63,vi,https://x.com/xudzuimo/status/2103135591567331720
2103130477955821583,@SunsetLM @LenaMiu_CH3 @xudzuimo @lena__lorena @miunatshaa ÔNG HỔ TỚI ĐÂYYYY MIU NATSHA FACE OF SNATCH #MiuXSnatchTH,yellowww___13,yellow1__3 🇻🇳,125,Thu Sep 24 14:32:34 +0000 2026,1,0,1,76,vi,https://x.com/yellowww___13/status/2103130477955821583
2103125735393448137,@SunsetLM @LenaMiu_CH3 @xudzuimo @lena__lorena @miunatshaa Chuyến này là chúng ta tới bến MIU NATSHA FACE OF SNATCH #MiuXSnatchTH,MinhMinh211214,992k1,349,Thu Sep 24 14:13:44 +0000 2026,1,0,0,102,vi,https://x.com/MinhMinh211214/status/2103125735393448137
2103116842873352349,@SunsetLM @lenamiupfk @LenaMiu_CH3 @xudzuimo @lena__lorena @miunatshaa Vui quá được chơi GA tiếp 😆 MIU NATSHA FACE OF SNATCH #MiuXSnatchTH,nottinghill2511,Notting Hill 🦋🧸,825,Thu Sep 24 13:38:24 +0000 2026,2,0,1,130,vi,https://x.com/nottinghill2511/status/2103116842873352349
2103111685427105994,@xudzuimo @SunsetLM @DDdienKH @LenaMiu_CH3 @lena__lorena @miunatshaa dạ dạ nguyện dâng hiến hết mình🥰 MIU NATSHA FACE OF SNATCH #MiuXSnatchTH,buniestt_,ᵖˡˢ˚⋆𝑏𝑢𝑛𝑛𝑖𝑒𝑠𝑡_౨ৎ,445,Thu Sep 24 13:17:54 +0000 2026,0,0,0,50,vi,https://x.com/buniestt_/status/2103111685427105994
2103111058517004494,@buniestt_ @SunsetLM @DDdienKH @LenaMiu_CH3 @lena__lorena @miunatshaa 600 700 ep4 anh GA tiếp đó em ráng trend nha MIU NATSHA FACE OF SNATCH #MiuXSnatchTH,xudzuimo,ICEM,101,Thu Sep 24 13:15:24 +0000 2026,1,0,1,56,vi,https://x.com/xudzuimo/status/2103111058517004494
2103110766765449409,@xudzuimo @SunsetLM @DDdienKH @LenaMiu_CH3 @lena__lorena @miunatshaa Đúng là tổng đài của lòng em🥰 MIU NATSHA FACE OF SNATCH #MiuXSnatchTH,buniestt_,ᵖˡˢ˚⋆𝑏𝑢𝑛𝑛𝑖𝑒𝑠𝑡_౨ৎ,445,Thu Sep 24 13:14:15 +0000 2026,1,0,1,53,vi,https://x.com/buniestt_/status/2103110766765449409
2103110576453177362,@buniestt_ @SunsetLM @DDdienKH @LenaMiu_CH3 @lena__lorena @miunatshaa Tại anh tổ chức mà 😞 MIU NATSHA FACE OF SNATCH #MiuXSnatchTH,xudzuimo,ICEM,101,Thu Sep 24 13:13:29 +0000 2026,0,0,1,56,vi,https://x.com/xudzuimo/status/2103110576453177362
2103110347871916298,@xudzuimo @SunsetLM @DDdienKH @LenaMiu_CH3 @lena__lorena @miunatshaa Sao đi đâu cũng gặp anh hết z MIU NATSHA FACE OF SNATCH #MiuXSnatchTH,buniestt_,ᵖˡˢ˚⋆𝑏𝑢𝑛𝑛𝑖𝑒𝑠𝑡_౨ৎ,445,Thu Sep 24 13:12:35 +0000 2026,1,0,1,64,vi,https://x.com/buniestt_/status/2103110347871916298
2103109938805637608,@buniestt_ @SunsetLM @DDdienKH @LenaMiu_CH3 @lena__lorena @miunatshaa Anh nói anh có tiền mà em ko tin giờ em hối hận chưa MIU NATSHA FACE OF SNATCH #MiuXSnatchTH,xudzuimo,ICEM,101,Thu Sep 24 13:10:57 +0000 2026,0,0,1,70,vi,https://x.com/xudzuimo/status/2103109938805637608
2103109035448996330,@SunsetLM @LenaMiu_CH3 @xudzuimo @lena__lorena @miunatshaa Mai trung thu cũng phải tranh thủ qua X MIU NATSHA FACE OF SNATCH #MiuXSnatchTH,Ng0c93,555555,64,Thu Sep 24 13:07:22 +0000 2026,0,0,0,36,vi,https://x.com/Ng0c93/status/2103109035448996330
2103108100492537951,@buniestt_ @DDdienKH @LenaMiu_CH3 @xudzuimo @lena__lorena @miunatshaa Lên bia nhá 😂 MIU NATSHA FACE OF SNATCH #MiuXSnatchTH,SunsetLM,Sunset🦋🧸,439,Thu Sep 24 13:03:39 +0000 2026,1,0,0,79,und,https://x.com/SunsetLM/status/2103108100492537951
2103107898486468903,@Ng0c93 @LenaMiu_CH3 @xudzuimo @lena__lorena @miunatshaa Mai quậy ở X ạ MIU NATSHA FACE OF SNATCH #MiuXSnatchTH,SunsetLM,Sunset🦋🧸,439,Thu Sep 24 13:02:51 +0000 2026,1,0,1,83,vi,https://x.com/SunsetLM/status/2103107898486468903
2103104382049083657,"@SunsetLM @DDdienKH @LenaMiu_CH3 @xudzuimo @lena__lorena @miunatshaa Tuyệt zờiii, uống nàooo MIU NATSHA FACE OF SNATCH #MiuXSnatchTH",buniestt_,ᵖˡˢ˚⋆𝑏𝑢𝑛𝑛𝑖𝑒𝑠𝑡_౨ৎ,445,Thu Sep 24 12:48:53 +0000 2026,2,0,2,140,vi,https://x.com/buniestt_/status/2103104382049083657
2103101439380001005,@SunsetLM @LenaMiu_CH3 @xudzuimo @lena__lorena @miunatshaa Mai chiến thôi nào MIU NATSHA FACE OF SNATCH #MiuXSnatchTH,Ng0c93,555555,64,Thu Sep 24 12:37:11 +0000 2026,3,0,1,107,vi,https://x.com/Ng0c93/status/2103101439380001005