author,number,messageLen,followers,createdAt,message,url
PhanTuyetTram,18,12,343,Sat Sep 26 11:32:08 +0000 2026,luôn support,https://x.com/PhanTuyetTram/status/2103809844591591449
PhanTuyetTram,,24,343,Sat Sep 26 11:31:36 +0000 2026,Thương LenaMiu nhiều lắm,https://x.com/PhanTuyetTram/status/2103809710642409542
PhanTuyetTram,918,7,343,Sat Sep 26 11:30:22 +0000 2026,LenaMiu,https://x.com/PhanTuyetTram/status/2103809400108626015
PhanTuyetTram,520,8,343,Sat Sep 26 11:30:00 +0000 2026,Pls Love,https://x.com/PhanTuyetTram/status/2103809308840669448
PhanTuyetTram,710,12,343,Sat Sep 26 11:29:29 +0000 2026,lên trend nè,https://x.com/PhanTuyetTram/status/2103809176191500680
PhanTuyetTram,2134,5,343,Sat Sep 26 11:29:11 +0000 2026,Up up,https://x.com/PhanTuyetTram/status/2103809100979339572
raumeocuamiu,139,15,167,Sat Sep 26 07:32:33 +0000 2026,Ngủ dậy rồiunbb,https://x.com/raumeocuamiu/status/2103749551056454063
serein_sri,6,31,48,Sat Sep 26 07:30:29 +0000 2026,Ước gì ngày nào cũm là thứ 😭😭,https://x.com/serein_sri/status/2103749031956750822
Ahnnmon,140,21,485,Sat Sep 26 07:09:08 +0000 2026,Tôi lại đến điểm danh,https://x.com/Ahnnmon/status/2103743657191104541
raumeocuamiu,98,43,167,Sat Sep 26 05:03:53 +0000 2026,Chọc choá coá gid zui? chọc choá zui thí mồ,https://x.com/raumeocuamiu/status/2103712136589684847
Ahnnmon,622,26,485,Sat Sep 26 04:50:43 +0000 2026,"Con số gì ra,cờ ra con mấy",https://x.com/Ahnnmon/status/2103708824557506959
raumeocuamiu,828,15,167,Sat Sep 26 04:42:18 +0000 2026,Xanh lè xanh lè,https://x.com/raumeocuamiu/status/2103706707780342121
Ahnnmon,909,34,485,Sat Sep 26 04:03:26 +0000 2026,Mấy bà xem lại ep3 bao nhiêu lần r,https://x.com/Ahnnmon/status/2103696925782618126
Cucaitrang7,726,21,119,Sat Sep 26 03:11:16 +0000 2026,Ựa tui quêng hêhhehhe,https://x.com/Cucaitrang7/status/2103683798580023700
SunsetLM,727,46,439,Sat Sep 26 03:08:57 +0000 2026,Nhớ ghi thêm số con số bất kì ở cmt nha mom ơi,https://x.com/SunsetLM/status/2103683215211077757
Cucaitrang7,2,32,119,Sat Sep 26 02:59:47 +0000 2026,"đã xem lại lần, phim đỉnh quớ 🥹",https://x.com/Cucaitrang7/status/2103680905378484561
raumeocuamiu,288,37,167,Sat Sep 26 02:46:00 +0000 2026,Kao đi tấu hề chứ văn chương thua rồi,https://x.com/raumeocuamiu/status/2103677438526124241
Ahnnmon,941,33,485,Sat Sep 26 02:42:04 +0000 2026,"Vẫn còn màu xanh,chưa đỏ chưa cam",https://x.com/Ahnnmon/status/2103676447143735431
SunsetLM,449,7,439,Sat Sep 26 02:27:34 +0000 2026,Bánh mì,https://x.com/SunsetLM/status/2103672800888377610
SunsetLM,433,17,439,Sat Sep 26 02:27:25 +0000 2026,Dậy dậy trend nha,https://x.com/SunsetLM/status/2103672761982074978
raumeocuamiu,877,17,167,Sat Sep 26 02:20:32 +0000 2026,Dức quà tiếp thôi,https://x.com/raumeocuamiu/status/2103671031303168311
raumeocuamiu,278,34,167,Fri Sep 25 18:16:59 +0000 2026,Pan xinh đẹp mê Peem nhất trên đời,https://x.com/raumeocuamiu/status/2103549339222397095
raumeocuamiu,627,27,167,Fri Sep 25 17:51:33 +0000 2026,Ko sợ đỏ cam chỉ sợ bay acc,https://x.com/raumeocuamiu/status/2103542941969174934
raumeocuamiu,949,26,167,Fri Sep 25 16:36:19 +0000 2026,Pan yêu Peemmm nhiều lắm ó,https://x.com/raumeocuamiu/status/2103524006817329414
SunsetLM,1,12,439,Fri Sep 25 16:33:54 +0000 2026,Vn top đấy ạ,https://x.com/SunsetLM/status/2103523398966276575
raumeocuamiu,38,40,167,Fri Sep 25 16:32:17 +0000 2026,Bàn tay vàng trong làng GA là tui chứ ai,https://x.com/raumeocuamiu/status/2103522993439973824
raumeocuamiu,1934,23,167,Fri Sep 25 15:31:43 +0000 2026,Tôi cụg muốn bombalabum,https://x.com/raumeocuamiu/status/2103507750450065596
SunsetLM,954,15,439,Fri Sep 25 15:28:18 +0000 2026,Sẽ vướt KPI nhé,https://x.com/SunsetLM/status/2103506889552310569
nugu0309,2,78,276,Fri Sep 25 15:12:37 +0000 2026,"Ep này cả bạn nhỏ đều lên trend chug, chắc phải vượt 500k chứ mng ơiiii 🔥🔥🔥",https://x.com/nugu0309/status/2103502941625933942
Ahnnmon,329,48,485,Fri Sep 25 14:59:51 +0000 2026,Tui cũng muốn có người nấu bữa sáng cho mình nữa,https://x.com/Ahnnmon/status/2103499729581576259
Ahnnmon,317,18,485,Fri Sep 25 14:57:58 +0000 2026,Đã quá PeemParn ơi,https://x.com/Ahnnmon/status/2103499257550696536
lnmjios,593,17,48,Fri Sep 25 14:57:00 +0000 2026,ep3 quá đã ròiiii,https://x.com/lnmjios/status/2103499013094015364
Bemyae2511,1810,16,362,Fri Sep 25 14:54:07 +0000 2026,LenaMiu mãi đỉnh,https://x.com/Bemyae2511/status/2103498287311692104
Bemyae2511,2007,15,362,Fri Sep 25 14:53:46 +0000 2026,Gô gô nào mí bà,https://x.com/Bemyae2511/status/2103498200930045997
Bemyae2511,508,14,362,Fri Sep 25 14:53:30 +0000 2026,Chờ tới 10h nà,https://x.com/Bemyae2511/status/2103498134043423145
nottinghill2511,828,26,827,Fri Sep 25 14:49:16 +0000 2026,Chờ phát iqiyi xem tiếp nè,https://x.com/nottinghill2511/status/2103497065632600139
PhanTuyetTram,897,17,343,Fri Sep 25 14:47:10 +0000 2026,LenaMiu đỉnh đỉnh,https://x.com/PhanTuyetTram/status/2103496537204781102
PhanTuyetTram,380,19,343,Fri Sep 25 14:46:48 +0000 2026,Có nhiêu chơi nhiêu,https://x.com/PhanTuyetTram/status/2103496448088424645
PhanTuyetTram,208,16,343,Fri Sep 25 14:46:28 +0000 2026,Phim hay lắm nha,https://x.com/PhanTuyetTram/status/2103496362935640303
PhanTuyetTram,2000,31,343,Fri Sep 25 14:46:11 +0000 2026,Mình cũng muốn trúng dầu gội nè,https://x.com/PhanTuyetTram/status/2103496290399367253
SunsetLM,199,26,439,Fri Sep 25 14:43:35 +0000 2026,Tối nay hơn 200k trend nhé,https://x.com/SunsetLM/status/2103495638264745997
jessicajung0114,2211,16,39,Fri Sep 25 14:34:57 +0000 2026,LenaMiu forever.,https://x.com/jessicajung0114/status/2103493463333642451
raumeocuamiu,2194,30,167,Fri Sep 25 14:27:42 +0000 2026,Tôi vẫn ở đây kiếm dầu gội đầu,https://x.com/raumeocuamiu/status/2103491641541882163
lenamiupfk,1683,17,230,Fri Sep 25 14:18:57 +0000 2026,Tới liền tới liền,https://x.com/lenamiupfk/status/2103489437133050209
SunsetLM,21,26,439,Fri Sep 25 14:10:26 +0000 2026,Đừng ai mắng khun Peem nha,https://x.com/SunsetLM/status/2103487295555014763
nikolai_mvp,77,63,52,Fri Sep 25 14:09:55 +0000 2026,PeemPan aka LenaMiu cố lơnnnn nhá. Hai bạn iu nhau thật lâu ấyy,https://x.com/nikolai_mvp/status/2103487162541076584
SunsetLM,290,10,439,Fri Sep 25 14:08:47 +0000 2026,Em tới đây,https://x.com/SunsetLM/status/2103486879073230978
nikolai_mvp,777,39,52,Fri Sep 25 14:07:13 +0000 2026,Peem hay Lena dịu dàng với Miu thôi nhé,https://x.com/nikolai_mvp/status/2103486484112367849
iyz_yuil,2,46,82,Fri Sep 25 13:42:24 +0000 2026,Nay đứa dắt nhau đi để mẹ chặn cha Songsak cho,https://x.com/iyz_yuil/status/2103480240609845755
raumeocuamiu,772,46,167,Fri Sep 25 13:41:59 +0000 2026,Ước gì là con Lumi để Miunatsha bế đi mỗi ngày,https://x.com/raumeocuamiu/status/2103480133533466720
Ahnnmon,992,44,485,Fri Sep 25 13:41:14 +0000 2026,Muốn tóc đẹp như LenaMiu hãy sử dụng H&amp;S,https://x.com/Ahnnmon/status/2103479945016340532
Duya_miii,1346,71,216,Fri Sep 25 13:39:39 +0000 2026,Pheem mình làm gì thì củng nhẹ nhàng thôi nha . Tui sót con gái tuiii á,https://x.com/Duya_miii/status/2103479548981686592
ppntam,1134,46,272,Fri Sep 25 13:38:51 +0000 2026,husky ngoan thì chị Parn mới cho ăn bánh nghen,https://x.com/ppntam/status/2103479347268968758
raumeocuamiu,1493,23,167,Fri Sep 25 13:38:30 +0000 2026,Tôi chưa có H&amp;S nha,https://x.com/raumeocuamiu/status/2103479258299748725
Duya_miii,168,26,216,Fri Sep 25 13:38:22 +0000 2026,Qua hôm nay có thể bay acc,https://x.com/Duya_miii/status/2103479225265397774
MSyn_142224,2204,25,30,Fri Sep 25 13:37:55 +0000 2026,Pheem chị coi chừng em đó,https://x.com/MSyn_142224/status/2103479111968772162
MinhMinh211214,112,30,349,Fri Sep 25 13:36:35 +0000 2026,Pls Love gặp nhiều may mắn nha,https://x.com/MinhMinh211214/status/2103478776038646022
beganeeeee,258,33,1069,Fri Sep 25 13:36:30 +0000 2026,mong hôm nay ko bay acc nam mô 🙏,https://x.com/beganeeeee/status/2103478752693170462
mathikieudiem,2233,16,278,Fri Sep 25 13:35:55 +0000 2026,Peem là của Parn,https://x.com/mathikieudiem/status/2103478606085374460
beganeeeee,1589,54,1069,Fri Sep 25 13:35:39 +0000 2026,The way I’ve been waiting all week for this episode 🫶,https://x.com/beganeeeee/status/2103478538670367012
mathikieudiem,1122,16,278,Fri Sep 25 13:35:36 +0000 2026,Parn là của Peem,https://x.com/mathikieudiem/status/2103478529770098758
ht_216,116,23,183,Fri Sep 25 13:33:57 +0000 2026,Trung thu mn vui vẻ nha,https://x.com/ht_216/status/2103478112826831200
raumeocuamiu,628,14,167,Fri Sep 25 13:33:35 +0000 2026,Cố lên nhaaaaa,https://x.com/raumeocuamiu/status/2103478022133453123
raumeocuamiu,239,35,167,Fri Sep 25 13:32:47 +0000 2026,tui sợ bay acc lắm phải trend từ từ,https://x.com/raumeocuamiu/status/2103477819124990350
Ahnnmon,391,26,485,Fri Sep 25 13:28:22 +0000 2026,Parn là của Peem khỏi dành,https://x.com/Ahnnmon/status/2103476707726643426
DdooxToons,2511,34,161,Fri Sep 25 13:24:50 +0000 2026,Ước gì ep3 trend lên 600k 👉🏻👈🏻,https://x.com/DdooxToons/status/2103475817292656684
alohalucy_2511,2511,55,34,Fri Sep 25 13:24:01 +0000 2026,"PheêmParn hết phim lấy nhau, LenaMiu cũng y dị cho em ạ",https://x.com/alohalucy_2511/status/2103475612371521934
Ahnnmon,536,27,485,Fri Sep 25 13:23:41 +0000 2026,Tui đẫ đến được đây rồi sao,https://x.com/Ahnnmon/status/2103475528858804351
xuananm7275,712,19,334,Fri Sep 25 13:21:19 +0000 2026,Cố gắng lên nào ...,https://x.com/xuananm7275/status/2103474933846438062
xudzuimo,2453,43,102,Fri Sep 25 13:21:14 +0000 2026,Giờ không nhận quà đợi khi nào mới nhận nữa,https://x.com/xudzuimo/status/2103474913848033347
puppypupupy,1625,46,79,Fri Sep 25 13:18:17 +0000 2026,Hai đứa con gái tối nay đừng chửi nhau nữa nha,https://x.com/puppypupupy/status/2103474170843783249
b_ob_nny,246,48,280,Fri Sep 25 13:18:15 +0000 2026,"má parn, mẹ peem, cn nhảy qua line bạn gái :&gt;",https://x.com/b_ob_nny/status/2103474162811769272
raumeocuamiu,1838,27,167,Fri Sep 25 13:16:50 +0000 2026,Ở đâu có Quà ở đó có Mèoooo,https://x.com/raumeocuamiu/status/2103473806220357911
hhaa010200,425,47,273,Fri Sep 25 13:15:54 +0000 2026,Tôi yêu phụ nữ Thái Lan. đặc biệt là LenaMiu=)),https://x.com/hhaa010200/status/2103473568847991078
Sunyeon2505,245,33,253,Fri Sep 25 13:15:12 +0000 2026,Nay cùng cố gắng nha cả nhà iuuuu,https://x.com/Sunyeon2505/status/2103473393958113380
Ng0c93,,26,64,Fri Sep 25 13:14:58 +0000 2026,Có mắng thì mới có hôn nha,https://x.com/Ng0c93/status/2103473337125249367
CookieeeJ,1909,24,216,Fri Sep 25 13:14:26 +0000 2026,Ôi nhà mình rộn ràng quá,https://x.com/CookieeeJ/status/2103473201456275831
Xuan702,2503,79,130,Fri Sep 25 13:13:41 +0000 2026,"Đếm ngược từng phút tới khúc Peem gõ cửa phòng người ta đòi ""cô gái của tôi"" về",https://x.com/Xuan702/status/2103473012213498234
nottinghill2511,2222,29,827,Fri Sep 25 13:13:39 +0000 2026,Lenamiu luôn hạnh phúc nhaaaa,https://x.com/nottinghill2511/status/2103473004814717021
ng_hhan15,1512,34,126,Fri Sep 25 13:13:26 +0000 2026,hữu duyên bl chúc Parn mãi đẹp gái,https://x.com/ng_hhan15/status/2103472950917873673
SunsetLM,777,30,439,Fri Sep 25 13:13:08 +0000 2026,Khun peem k được mắng Parn nha,https://x.com/SunsetLM/status/2103472875550445855
SunsetLM,,42,439,Fri Sep 25 02:23:03 +0000 2026,😚😚 chắc chắn ạ MIU NATSHA FACE OF SNATCH,https://x.com/SunsetLM/status/2103309277163401250
luctichchi,,122,38,Fri Sep 25 02:21:24 +0000 2026,Cầu trời cho acc xanh để đi phò trợ cho bé Love được nổi tiếng toàn cầu như mong cầu của LenaMiu MIU NATSHA FACE OF SNATCH,https://x.com/luctichchi/status/2103308858815021441
yellowww___13,,63,125,Thu Sep 24 15:24:42 +0000 2026,tui tới từ vùng đất linh thiênggg !!! MIU NATSHA FACE OF SNATCH,https://x.com/yellowww___13/status/2103143595557720357
SunsetLM,1,64,439,Thu Sep 24 14:53:26 +0000 2026,Cái trò GA này mỗi tuần làm lần c ạ 😂 MIU NATSHA FACE OF SNATCH,https://x.com/SunsetLM/status/2103135728377188370
xudzuimo,,39,102,Thu Sep 24 14:52:54 +0000 2026,Hài quá má ơi MIU NATSHA FACE OF SNATCH,https://x.com/xudzuimo/status/2103135591567331720
yellowww___13,,43,125,Thu Sep 24 14:32:34 +0000 2026,ÔNG HỔ TỚI ĐÂYYYY MIU NATSHA FACE OF SNATCH,https://x.com/yellowww___13/status/2103130477955821583
MinhMinh211214,,56,349,Thu Sep 24 14:13:44 +0000 2026,Chuyến này là chúng ta tới bến MIU NATSHA FACE OF SNATCH,https://x.com/MinhMinh211214/status/2103125735393448137
nottinghill2511,,54,827,Thu Sep 24 13:38:24 +0000 2026,Vui quá được chơi GA tiếp 😆 MIU NATSHA FACE OF SNATCH,https://x.com/nottinghill2511/status/2103116842873352349
buniestt_,,59,445,Thu Sep 24 13:17:54 +0000 2026,dạ dạ nguyện dâng hiến hết mình🥰 MIU NATSHA FACE OF SNATCH,https://x.com/buniestt_/status/2103111685427105994
xudzuimo,600,62,102,Thu Sep 24 13:15:24 +0000 2026,ep4 anh GA tiếp đó em ráng trend nha MIU NATSHA FACE OF SNATCH,https://x.com/xudzuimo/status/2103111058517004494
buniestt_,,56,445,Thu Sep 24 13:14:15 +0000 2026,Đúng là tổng đài của lòng em🥰 MIU NATSHA FACE OF SNATCH,https://x.com/buniestt_/status/2103110766765449409
xudzuimo,,47,102,Thu Sep 24 13:13:29 +0000 2026,Tại anh tổ chức mà 😞 MIU NATSHA FACE OF SNATCH,https://x.com/xudzuimo/status/2103110576453177362
buniestt_,,55,445,Thu Sep 24 13:12:35 +0000 2026,Sao đi đâu cũng gặp anh hết z MIU NATSHA FACE OF SNATCH,https://x.com/buniestt_/status/2103110347871916298
xudzuimo,,78,102,Thu Sep 24 13:10:57 +0000 2026,Anh nói anh có tiền mà em ko tin giờ em hối hận chưa MIU NATSHA FACE OF SNATCH,https://x.com/xudzuimo/status/2103109938805637608
Ng0c93,,65,64,Thu Sep 24 13:07:22 +0000 2026,Mai trung thu cũng phải tranh thủ qua X MIU NATSHA FACE OF SNATCH,https://x.com/Ng0c93/status/2103109035448996330
SunsetLM,,40,439,Thu Sep 24 13:03:39 +0000 2026,Lên bia nhá 😂 MIU NATSHA FACE OF SNATCH,https://x.com/SunsetLM/status/2103108100492537951
SunsetLM,,40,439,Thu Sep 24 13:02:51 +0000 2026,Mai quậy ở X ạ MIU NATSHA FACE OF SNATCH,https://x.com/SunsetLM/status/2103107898486468903
buniestt_,,49,445,Thu Sep 24 12:48:53 +0000 2026,"Tuyệt zờiii, uống nàooo MIU NATSHA FACE OF SNATCH",https://x.com/buniestt_/status/2103104382049083657
Ng0c93,,44,64,Thu Sep 24 12:37:11 +0000 2026,Mai chiến thôi nào MIU NATSHA FACE OF SNATCH,https://x.com/Ng0c93/status/2103101439380001005